,0
0,[
1,{
2,""""
3,T
4,r
5,a
6,n
7,s
8,a
9,c
10,t
11,i
12,o
13,n
14, 
15,I
16,D
17,""""
18,:
19,""""
20,7
21,8
22,6
23,4
24,""""
25,","
26,""""
27,T
28,r
29,a
30,n
31,s
32,a
33,c
34,t
35,i
36,o
37,n
38, 
39,D
40,a
41,t
42,e
43,_
44,s
45,o
46,u
47,r
48,c
49,e
50,""""
51,:
52,""""
53,2
54,0
55,2
56,3
57,-
58,0
59,6
60,-
61,0
62,5
63,""""
64,","
65,""""
66,D
67,e
68,t
69,a
70,i
71,l
72,s
73,_
74,s
75,o
76,u
77,r
78,c
79,e
80,""""
81,:
82,""""
83,e
84,l
85,e
86,c
87,t
88,r
89,i
90,c
91,i
92,t
93,y
94, 
95,b
96,i
97,l
98,l
99, 
100,c
101,h
102,e
103,q
104,u
105,e
106, 
107,#
108, 
109,0
110,0
111,0
112,7
113,8
114,6
115,4
116,""""
117,","
118,""""
119,D
120,e
121,b
122,i
123,t
124,_
125,s
126,o
127,u
128,r
129,c
130,e
131,""""
132,:
133,2
134,4
135,3
136,0
137,0
138,.
139,0
140,","
141,""""
142,C
143,r
144,e
145,d
146,i
147,t
148,_
149,s
150,o
151,u
152,r
153,c
154,e
155,""""
156,:
157,0
158,.
159,0
160,","
161,""""
162,T
163,r
164,a
165,n
166,s
167,a
168,c
169,t
170,i
171,o
172,n
173, 
174,D
175,a
176,t
177,e
178,_
179,t
180,a
181,r
182,g
183,e
184,t
185,""""
186,:
187,""""
188,2
189,0
190,2
191,3
192,-
193,0
194,6
195,-
196,0
197,1
198,""""
199,","
200,""""
201,D
202,e
203,t
204,a
205,i
206,l
207,s
208,_
209,t
210,a
211,r
212,g
213,e
214,t
215,""""
216,:
217,""""
218,e
219,l
220,e
221,c
222,t
223,r
224,i
225,c
226,i
227,t
228,y
229, 
230,-
231, 
232,7
233,8
234,6
235,4
236,""""
237,","
238,""""
239,D
240,e
241,b
242,i
243,t
244,_
245,t
246,a
247,r
248,g
249,e
250,t
251,""""
252,:
253,0
254,.
255,0
256,","
257,""""
258,C
259,r
260,e
261,d
262,i
263,t
264,_
265,t
266,a
267,r
268,g
269,e
270,t
271,""""
272,:
273,2
274,4
275,3
276,0
277,0
278,.
279,0
280,","
281,""""
282,T
283,r
284,a
285,n
286,s
287,a
288,c
289,t
290,i
291,o
292,n
293, 
294,D
295,a
296,t
297,e
298,""""
299,:
300,n
301,u
302,l
303,l
304,","
305,""""
306,D
307,e
308,t
309,a
310,i
311,l
312,s
313,""""
314,:
315,n
316,u
317,l
318,l
319,","
320,""""
321,D
322,e
323,b
324,i
325,t
326,""""
327,:
328,n
329,u
330,l
331,l
332,","
333,""""
334,C
335,r
336,e
337,d
338,i
339,t
340,""""
341,:
342,n
343,u
344,l
345,l
346,}
347,","
348,{
349,""""
350,T
351,r
352,a
353,n
354,s
355,a
356,c
357,t
358,i
359,o
360,n
361, 
362,I
363,D
364,""""
365,:
366,""""
367,7
368,9
369,8
370,1
371,""""
372,","
373,""""
374,T
375,r
376,a
377,n
378,s
379,a
380,c
381,t
382,i
383,o
384,n
385, 
386,D
387,a
388,t
389,e
390,_
391,s
392,o
393,u
394,r
395,c
396,e
397,""""
398,:
399,""""
400,2
401,0
402,2
403,3
404,-
405,0
406,6
407,-
408,0
409,5
410,""""
411,","
412,""""
413,D
414,e
415,t
416,a
417,i
418,l
419,s
420,_
421,s
422,o
423,u
424,r
425,c
426,e
427,""""
428,:
429,""""
430,r
431,e
432,c
433,e
434,i
435,p
436,t
437, 
438,c
439,h
440,e
441,q
442,u
443,e
444, 
445,#
446, 
447,0
448,0
449,0
450,7
451,9
452,8
453,1
454,""""
455,","
456,""""
457,D
458,e
459,b
460,i
461,t
462,_
463,s
464,o
465,u
466,r
467,c
468,e
469,""""
470,:
471,0
472,.
473,0
474,","
475,""""
476,C
477,r
478,e
479,d
480,i
481,t
482,_
483,s
484,o
485,u
486,r
487,c
488,e
489,""""
490,:
491,2
492,1
493,2
494,0
495,0
496,.
497,0
498,","
499,""""
500,T
501,r
502,a
503,n
504,s
505,a
506,c
507,t
508,i
509,o
510,n
511, 
512,D
513,a
514,t
515,e
516,_
517,t
518,a
519,r
520,g
521,e
522,t
523,""""
524,:
525,""""
526,2
527,0
528,2
529,3
530,-
531,0
532,6
533,-
534,0
535,4
536,""""
537,","
538,""""
539,D
540,e
541,t
542,a
543,i
544,l
545,s
546,_
547,t
548,a
549,r
550,g
551,e
552,t
553,""""
554,:
555,""""
556,m
557,r
558,.
559, 
560,a
561,l
562,i
563, 
564,-
565, 
566,7
567,9
568,8
569,1
570,""""
571,","
572,""""
573,D
574,e
575,b
576,i
577,t
578,_
579,t
580,a
581,r
582,g
583,e
584,t
585,""""
586,:
587,2
588,1
589,2
590,0
591,0
592,.
593,0
594,","
595,""""
596,C
597,r
598,e
599,d
600,i
601,t
602,_
603,t
604,a
605,r
606,g
607,e
608,t
609,""""
610,:
611,0
612,.
613,0
614,","
615,""""
616,T
617,r
618,a
619,n
620,s
621,a
622,c
623,t
624,i
625,o
626,n
627, 
628,D
629,a
630,t
631,e
632,""""
633,:
634,n
635,u
636,l
637,l
638,","
639,""""
640,D
641,e
642,t
643,a
644,i
645,l
646,s
647,""""
648,:
649,n
650,u
651,l
652,l
653,","
654,""""
655,D
656,e
657,b
658,i
659,t
660,""""
661,:
662,n
663,u
664,l
665,l
666,","
667,""""
668,C
669,r
670,e
671,d
672,i
673,t
674,""""
675,:
676,n
677,u
678,l
679,l
680,}
681,","
682,{
683,""""
684,T
685,r
686,a
687,n
688,s
689,a
690,c
691,t
692,i
693,o
694,n
695, 
696,I
697,D
698,""""
699,:
700,""""
701,7
702,8
703,6
704,6
705,""""
706,","
707,""""
708,T
709,r
710,a
711,n
712,s
713,a
714,c
715,t
716,i
717,o
718,n
719, 
720,D
721,a
722,t
723,e
724,_
725,s
726,o
727,u
728,r
729,c
730,e
731,""""
732,:
733,""""
734,2
735,0
736,2
737,3
738,-
739,0
740,6
741,-
742,0
743,8
744,""""
745,","
746,""""
747,D
748,e
749,t
750,a
751,i
752,l
753,s
754,_
755,s
756,o
757,u
758,r
759,c
760,e
761,""""
762,:
763,""""
764,p
765,a
766,y
767,m
768,e
769,n
770,t
771, 
772,c
773,h
774,e
775,q
776,u
777,e
778, 
779,#
780, 
781,0
782,0
783,0
784,7
785,8
786,6
787,6
788,""""
789,","
790,""""
791,D
792,e
793,b
794,i
795,t
796,_
797,s
798,o
799,u
800,r
801,c
802,e
803,""""
804,:
805,1
806,7
807,4
808,0
809,0
810,.
811,0
812,","
813,""""
814,C
815,r
816,e
817,d
818,i
819,t
820,_
821,s
822,o
823,u
824,r
825,c
826,e
827,""""
828,:
829,0
830,.
831,0
832,","
833,""""
834,T
835,r
836,a
837,n
838,s
839,a
840,c
841,t
842,i
843,o
844,n
845, 
846,D
847,a
848,t
849,e
850,_
851,t
852,a
853,r
854,g
855,e
856,t
857,""""
858,:
859,""""
860,2
861,0
862,2
863,3
864,-
865,0
866,6
867,-
868,0
869,5
870,""""
871,","
872,""""
873,D
874,e
875,t
876,a
877,i
878,l
879,s
880,_
881,t
882,a
883,r
884,g
885,e
886,t
887,""""
888,:
889,""""
890,m
891,r
892,.
893, 
894,y
895,a
896,s
897,e
898,e
899,n
900, 
901,-
902, 
903,7
904,8
905,6
906,6
907,""""
908,","
909,""""
910,D
911,e
912,b
913,i
914,t
915,_
916,t
917,a
918,r
919,g
920,e
921,t
922,""""
923,:
924,0
925,.
926,0
927,","
928,""""
929,C
930,r
931,e
932,d
933,i
934,t
935,_
936,t
937,a
938,r
939,g
940,e
941,t
942,""""
943,:
944,1
945,7
946,4
947,0
948,0
949,.
950,0
951,","
952,""""
953,T
954,r
955,a
956,n
957,s
958,a
959,c
960,t
961,i
962,o
963,n
964, 
965,D
966,a
967,t
968,e
969,""""
970,:
971,n
972,u
973,l
974,l
975,","
976,""""
977,D
978,e
979,t
980,a
981,i
982,l
983,s
984,""""
985,:
986,n
987,u
988,l
989,l
990,","
991,""""
992,D
993,e
994,b
995,i
996,t
997,""""
998,:
999,n
1000,u
1001,l
1002,l
1003,","
1004,""""
1005,C
1006,r
1007,e
1008,d
1009,i
1010,t
1011,""""
1012,:
1013,n
1014,u
1015,l
1016,l
1017,}
1018,","
1019,{
1020,""""
1021,T
1022,r
1023,a
1024,n
1025,s
1026,a
1027,c
1028,t
1029,i
1030,o
1031,n
1032, 
1033,I
1034,D
1035,""""
1036,:
1037,""""
1038,7
1039,8
1040,6
1041,7
1042,""""
1043,","
1044,""""
1045,T
1046,r
1047,a
1048,n
1049,s
1050,a
1051,c
1052,t
1053,i
1054,o
1055,n
1056, 
1057,D
1058,a
1059,t
1060,e
1061,_
1062,s
1063,o
1064,u
1065,r
1066,c
1067,e
1068,""""
1069,:
1070,""""
1071,2
1072,0
1073,2
1074,3
1075,-
1076,0
1077,6
1078,-
1079,1
1080,0
1081,""""
1082,","
1083,""""
1084,D
1085,e
1086,t
1087,a
1088,i
1089,l
1090,s
1091,_
1092,s
1093,o
1094,u
1095,r
1096,c
1097,e
1098,""""
1099,:
1100,""""
1101,o
1102,u
1103,t
1104,w
1105,a
1106,r
1107,d
1108, 
1109,p
1110,a
1111,y
1112,m
1113,e
1114,n
1115,t
1116, 
1117,c
1118,h
1119,a
1120,e
1121,q
1122,u
1123,e
1124, 
1125,#
1126, 
1127,0
1128,0
1129,0
1130,7
1131,8
1132,6
1133,7
1134,""""
1135,","
1136,""""
1137,D
1138,e
1139,b
1140,i
1141,t
1142,_
1143,s
1144,o
1145,u
1146,r
1147,c
1148,e
1149,""""
1150,:
1151,1
1152,7
1153,0
1154,0
1155,.
1156,0
1157,","
1158,""""
1159,C
1160,r
1161,e
1162,d
1163,i
1164,t
1165,_
1166,s
1167,o
1168,u
1169,r
1170,c
1171,e
1172,""""
1173,:
1174,0
1175,.
1176,0
1177,","
1178,""""
1179,T
1180,r
1181,a
1182,n
1183,s
1184,a
1185,c
1186,t
1187,i
1188,o
1189,n
1190, 
1191,D
1192,a
1193,t
1194,e
1195,_
1196,t
1197,a
1198,r
1199,g
1200,e
1201,t
1202,""""
1203,:
1204,""""
1205,2
1206,0
1207,2
1208,3
1209,-
1210,0
1211,6
1212,-
1213,0
1214,6
1215,""""
1216,","
1217,""""
1218,D
1219,e
1220,t
1221,a
1222,i
1223,l
1224,s
1225,_
1226,t
1227,a
1228,r
1229,g
1230,e
1231,t
1232,""""
1233,:
1234,""""
1235,m
1236,r
1237,s
1238,.
1239, 
1240,n
1241,o
1242,o
1243,r
1244, 
1245,-
1246, 
1247,7
1248,8
1249,6
1250,7
1251,""""
1252,","
1253,""""
1254,D
1255,e
1256,b
1257,i
1258,t
1259,_
1260,t
1261,a
1262,r
1263,g
1264,e
1265,t
1266,""""
1267,:
1268,0
1269,.
1270,0
1271,","
1272,""""
1273,C
1274,r
1275,e
1276,d
1277,i
1278,t
1279,_
1280,t
1281,a
1282,r
1283,g
1284,e
1285,t
1286,""""
1287,:
1288,1
1289,7
1290,0
1291,0
1292,.
1293,0
1294,","
1295,""""
1296,T
1297,r
1298,a
1299,n
1300,s
1301,a
1302,c
1303,t
1304,i
1305,o
1306,n
1307, 
1308,D
1309,a
1310,t
1311,e
1312,""""
1313,:
1314,n
1315,u
1316,l
1317,l
1318,","
1319,""""
1320,D
1321,e
1322,t
1323,a
1324,i
1325,l
1326,s
1327,""""
1328,:
1329,n
1330,u
1331,l
1332,l
1333,","
1334,""""
1335,D
1336,e
1337,b
1338,i
1339,t
1340,""""
1341,:
1342,n
1343,u
1344,l
1345,l
1346,","
1347,""""
1348,C
1349,r
1350,e
1351,d
1352,i
1353,t
1354,""""
1355,:
1356,n
1357,u
1358,l
1359,l
1360,}
1361,","
1362,{
1363,""""
1364,T
1365,r
1366,a
1367,n
1368,s
1369,a
1370,c
1371,t
1372,i
1373,o
1374,n
1375, 
1376,I
1377,D
1378,""""
1379,:
1380,""""
1381,7
1382,9
1383,8
1384,2
1385,""""
1386,","
1387,""""
1388,T
1389,r
1390,a
1391,n
1392,s
1393,a
1394,c
1395,t
1396,i
1397,o
1398,n
1399, 
1400,D
1401,a
1402,t
1403,e
1404,_
1405,s
1406,o
1407,u
1408,r
1409,c
1410,e
1411,""""
1412,:
1413,""""
1414,2
1415,0
1416,2
1417,3
1418,-
1419,0
1420,6
1421,-
1422,1
1423,3
1424,""""
1425,","
1426,""""
1427,D
1428,e
1429,t
1430,a
1431,i
1432,l
1433,s
1434,_
1435,s
1436,o
1437,u
1438,r
1439,c
1440,e
1441,""""
1442,:
1443,""""
1444,r
1445,e
1446,c
1447,e
1448,i
1449,p
1450,t
1451, 
1452,c
1453,h
1454,e
1455,q
1456,u
1457,e
1458, 
1459,#
1460, 
1461,0
1462,7
1463,9
1464,8
1465,2
1466,""""
1467,","
1468,""""
1469,D
1470,e
1471,b
1472,i
1473,t
1474,_
1475,s
1476,o
1477,u
1478,r
1479,c
1480,e
1481,""""
1482,:
1483,0
1484,.
1485,0
1486,","
1487,""""
1488,C
1489,r
1490,e
1491,d
1492,i
1493,t
1494,_
1495,s
1496,o
1497,u
1498,r
1499,c
1500,e
1501,""""
1502,:
1503,1
1504,8
1505,5
1506,0
1507,0
1508,.
1509,0
1510,","
1511,""""
1512,T
1513,r
1514,a
1515,n
1516,s
1517,a
1518,c
1519,t
1520,i
1521,o
1522,n
1523, 
1524,D
1525,a
1526,t
1527,e
1528,_
1529,t
1530,a
1531,r
1532,g
1533,e
1534,t
1535,""""
1536,:
1537,""""
1538,2
1539,0
1540,2
1541,3
1542,-
1543,0
1544,6
1545,-
1546,0
1547,9
1548,""""
1549,","
1550,""""
1551,D
1552,e
1553,t
1554,a
1555,i
1556,l
1557,s
1558,_
1559,t
1560,a
1561,r
1562,g
1563,e
1564,t
1565,""""
1566,:
1567,""""
1568,m
1569,r
1570,.
1571,y
1572,o
1573,u
1574,n
1575,i
1576,s
1577, 
1578,-
1579, 
1580,7
1581,9
1582,8
1583,2
1584,""""
1585,","
1586,""""
1587,D
1588,e
1589,b
1590,i
1591,t
1592,_
1593,t
1594,a
1595,r
1596,g
1597,e
1598,t
1599,""""
1600,:
1601,1
1602,8
1603,5
1604,0
1605,0
1606,.
1607,0
1608,","
1609,""""
1610,C
1611,r
1612,e
1613,d
1614,i
1615,t
1616,_
1617,t
1618,a
1619,r
1620,g
1621,e
1622,t
1623,""""
1624,:
1625,0
1626,.
1627,0
1628,","
1629,""""
1630,T
1631,r
1632,a
1633,n
1634,s
1635,a
1636,c
1637,t
1638,i
1639,o
1640,n
1641, 
1642,D
1643,a
1644,t
1645,e
1646,""""
1647,:
1648,n
1649,u
1650,l
1651,l
1652,","
1653,""""
1654,D
1655,e
1656,t
1657,a
1658,i
1659,l
1660,s
1661,""""
1662,:
1663,n
1664,u
1665,l
1666,l
1667,","
1668,""""
1669,D
1670,e
1671,b
1672,i
1673,t
1674,""""
1675,:
1676,n
1677,u
1678,l
1679,l
1680,","
1681,""""
1682,C
1683,r
1684,e
1685,d
1686,i
1687,t
1688,""""
1689,:
1690,n
1691,u
1692,l
1693,l
1694,}
1695,","
1696,{
1697,""""
1698,T
1699,r
1700,a
1701,n
1702,s
1703,a
1704,c
1705,t
1706,i
1707,o
1708,n
1709, 
1710,I
1711,D
1712,""""
1713,:
1714,""""
1715,7
1716,8
1717,6
1718,5
1719,""""
1720,","
1721,""""
1722,T
1723,r
1724,a
1725,n
1726,s
1727,a
1728,c
1729,t
1730,i
1731,o
1732,n
1733, 
1734,D
1735,a
1736,t
1737,e
1738,_
1739,s
1740,o
1741,u
1742,r
1743,c
1744,e
1745,""""
1746,:
1747,""""
1748,2
1749,0
1750,2
1751,3
1752,-
1753,0
1754,6
1755,-
1756,2
1757,0
1758,""""
1759,","
1760,""""
1761,D
1762,e
1763,t
1764,a
1765,i
1766,l
1767,s
1768,_
1769,s
1770,o
1771,u
1772,r
1773,c
1774,e
1775,""""
1776,:
1777,""""
1778,p
1779,a
1780,y
1781,m
1782,e
1783,n
1784,t
1785, 
1786,c
1787,h
1788,e
1789,q
1790,u
1791,e
1792, 
1793,#
1794, 
1795,0
1796,0
1797,0
1798,7
1799,8
1800,6
1801,5
1802,""""
1803,","
1804,""""
1805,D
1806,e
1807,b
1808,i
1809,t
1810,_
1811,s
1812,o
1813,u
1814,r
1815,c
1816,e
1817,""""
1818,:
1819,3
1820,0
1821,7
1822,0
1823,0
1824,.
1825,0
1826,","
1827,""""
1828,C
1829,r
1830,e
1831,d
1832,i
1833,t
1834,_
1835,s
1836,o
1837,u
1838,r
1839,c
1840,e
1841,""""
1842,:
1843,0
1844,.
1845,0
1846,","
1847,""""
1848,T
1849,r
1850,a
1851,n
1852,s
1853,a
1854,c
1855,t
1856,i
1857,o
1858,n
1859, 
1860,D
1861,a
1862,t
1863,e
1864,_
1865,t
1866,a
1867,r
1868,g
1869,e
1870,t
1871,""""
1872,:
1873,""""
1874,2
1875,0
1876,2
1877,3
1878,-
1879,0
1880,6
1881,-
1882,0
1883,2
1884,""""
1885,","
1886,""""
1887,D
1888,e
1889,t
1890,a
1891,i
1892,l
1893,s
1894,_
1895,t
1896,a
1897,r
1898,g
1899,e
1900,t
1901,""""
1902,:
1903,""""
1904,m
1905,r
1906,.
1907, 
1908,u
1909,s
1910,m
1911,a
1912,n
1913, 
1914,-
1915, 
1916,7
1917,8
1918,6
1919,5
1920,""""
1921,","
1922,""""
1923,D
1924,e
1925,b
1926,i
1927,t
1928,_
1929,t
1930,a
1931,r
1932,g
1933,e
1934,t
1935,""""
1936,:
1937,0
1938,.
1939,0
1940,","
1941,""""
1942,C
1943,r
1944,e
1945,d
1946,i
1947,t
1948,_
1949,t
1950,a
1951,r
1952,g
1953,e
1954,t
1955,""""
1956,:
1957,3
1958,0
1959,7
1960,0
1961,0
1962,.
1963,0
1964,","
1965,""""
1966,T
1967,r
1968,a
1969,n
1970,s
1971,a
1972,c
1973,t
1974,i
1975,o
1976,n
1977, 
1978,D
1979,a
1980,t
1981,e
1982,""""
1983,:
1984,n
1985,u
1986,l
1987,l
1988,","
1989,""""
1990,D
1991,e
1992,t
1993,a
1994,i
1995,l
1996,s
1997,""""
1998,:
1999,n
2000,u
2001,l
2002,l
2003,","
2004,""""
2005,D
2006,e
2007,b
2008,i
2009,t
2010,""""
2011,:
2012,n
2013,u
2014,l
2015,l
2016,","
2017,""""
2018,C
2019,r
2020,e
2021,d
2022,i
2023,t
2024,""""
2025,:
2026,n
2027,u
2028,l
2029,l
2030,}
2031,","
2032,{
2033,""""
2034,T
2035,r
2036,a
2037,n
2038,s
2039,a
2040,c
2041,t
2042,i
2043,o
2044,n
2045, 
2046,I
2047,D
2048,""""
2049,:
2050,""""
2051,7
2052,9
2053,8
2054,3
2055,""""
2056,","
2057,""""
2058,T
2059,r
2060,a
2061,n
2062,s
2063,a
2064,c
2065,t
2066,i
2067,o
2068,n
2069, 
2070,D
2071,a
2072,t
2073,e
2074,_
2075,s
2076,o
2077,u
2078,r
2079,c
2080,e
2081,""""
2082,:
2083,""""
2084,2
2085,0
2086,2
2087,3
2088,-
2089,0
2090,6
2091,-
2092,2
2093,0
2094,""""
2095,","
2096,""""
2097,D
2098,e
2099,t
2100,a
2101,i
2102,l
2103,s
2104,_
2105,s
2106,o
2107,u
2108,r
2109,c
2110,e
2111,""""
2112,:
2113,""""
2114,r
2115,e
2116,c
2117,e
2118,i
2119,p
2120,t
2121, 
2122,c
2123,h
2124,e
2125,q
2126,u
2127,e
2128, 
2129,#
2130, 
2131,0
2132,7
2133,9
2134,8
2135,3
2136,""""
2137,","
2138,""""
2139,D
2140,e
2141,b
2142,i
2143,t
2144,_
2145,s
2146,o
2147,u
2148,r
2149,c
2150,e
2151,""""
2152,:
2153,0
2154,.
2155,0
2156,","
2157,""""
2158,C
2159,r
2160,e
2161,d
2162,i
2163,t
2164,_
2165,s
2166,o
2167,u
2168,r
2169,c
2170,e
2171,""""
2172,:
2173,1
2174,1
2175,8
2176,0
2177,0
2178,.
2179,0
2180,","
2181,""""
2182,T
2183,r
2184,a
2185,n
2186,s
2187,a
2188,c
2189,t
2190,i
2191,o
2192,n
2193, 
2194,D
2195,a
2196,t
2197,e
2198,_
2199,t
2200,a
2201,r
2202,g
2203,e
2204,t
2205,""""
2206,:
2207,""""
2208,2
2209,0
2210,2
2211,3
2212,-
2213,0
2214,6
2215,-
2216,1
2217,9
2218,""""
2219,","
2220,""""
2221,D
2222,e
2223,t
2224,a
2225,i
2226,l
2227,s
2228,_
2229,t
2230,a
2231,r
2232,g
2233,e
2234,t
2235,""""
2236,:
2237,""""
2238,m
2239,r
2240,s
2241,.
2242, 
2243,s
2244,a
2245,m
2246,i
2247,a
2248, 
2249,-
2250, 
2251,7
2252,9
2253,8
2254,3
2255,""""
2256,","
2257,""""
2258,D
2259,e
2260,b
2261,i
2262,t
2263,_
2264,t
2265,a
2266,r
2267,g
2268,e
2269,t
2270,""""
2271,:
2272,1
2273,1
2274,8
2275,0
2276,0
2277,.
2278,0
2279,","
2280,""""
2281,C
2282,r
2283,e
2284,d
2285,i
2286,t
2287,_
2288,t
2289,a
2290,r
2291,g
2292,e
2293,t
2294,""""
2295,:
2296,0
2297,.
2298,0
2299,","
2300,""""
2301,T
2302,r
2303,a
2304,n
2305,s
2306,a
2307,c
2308,t
2309,i
2310,o
2311,n
2312, 
2313,D
2314,a
2315,t
2316,e
2317,""""
2318,:
2319,n
2320,u
2321,l
2322,l
2323,","
2324,""""
2325,D
2326,e
2327,t
2328,a
2329,i
2330,l
2331,s
2332,""""
2333,:
2334,n
2335,u
2336,l
2337,l
2338,","
2339,""""
2340,D
2341,e
2342,b
2343,i
2344,t
2345,""""
2346,:
2347,n
2348,u
2349,l
2350,l
2351,","
2352,""""
2353,C
2354,r
2355,e
2356,d
2357,i
2358,t
2359,""""
2360,:
2361,n
2362,u
2363,l
2364,l
2365,}
2366,","
2367,{
2368,""""
2369,T
2370,r
2371,a
2372,n
2373,s
2374,a
2375,c
2376,t
2377,i
2378,o
2379,n
2380, 
2381,I
2382,D
2383,""""
2384,:
2385,""""
2386,7
2387,8
2388,6
2389,8
2390,""""
2391,","
2392,""""
2393,T
2394,r
2395,a
2396,n
2397,s
2398,a
2399,c
2400,t
2401,i
2402,o
2403,n
2404, 
2405,D
2406,a
2407,t
2408,e
2409,_
2410,s
2411,o
2412,u
2413,r
2414,c
2415,e
2416,""""
2417,:
2418,""""
2419,2
2420,0
2421,2
2422,3
2423,-
2424,0
2425,6
2426,-
2427,2
2428,1
2429,""""
2430,","
2431,""""
2432,D
2433,e
2434,t
2435,a
2436,i
2437,l
2438,s
2439,_
2440,s
2441,o
2442,u
2443,r
2444,c
2445,e
2446,""""
2447,:
2448,""""
2449,o
2450,u
2451,t
2452,w
2453,a
2454,r
2455,d
2456, 
2457,p
2458,a
2459,y
2460,m
2461,e
2462,n
2463,t
2464, 
2465,c
2466,h
2467,a
2468,e
2469,q
2470,u
2471,e
2472, 
2473,#
2474, 
2475,0
2476,0
2477,0
2478,7
2479,8
2480,6
2481,8
2482,""""
2483,","
2484,""""
2485,D
2486,e
2487,b
2488,i
2489,t
2490,_
2491,s
2492,o
2493,u
2494,r
2495,c
2496,e
2497,""""
2498,:
2499,9
2500,5
2501,0
2502,0
2503,.
2504,0
2505,","
2506,""""
2507,C
2508,r
2509,e
2510,d
2511,i
2512,t
2513,_
2514,s
2515,o
2516,u
2517,r
2518,c
2519,e
2520,""""
2521,:
2522,0
2523,.
2524,0
2525,","
2526,""""
2527,T
2528,r
2529,a
2530,n
2531,s
2532,a
2533,c
2534,t
2535,i
2536,o
2537,n
2538, 
2539,D
2540,a
2541,t
2542,e
2543,_
2544,t
2545,a
2546,r
2547,g
2548,e
2549,t
2550,""""
2551,:
2552,""""
2553,2
2554,0
2555,2
2556,3
2557,-
2558,0
2559,6
2560,-
2561,1
2562,0
2563,""""
2564,","
2565,""""
2566,D
2567,e
2568,t
2569,a
2570,i
2571,l
2572,s
2573,_
2574,t
2575,a
2576,r
2577,g
2578,e
2579,t
2580,""""
2581,:
2582,""""
2583,m
2584,r
2585,.
2586, 
2587,j
2588,o
2589,h
2590,n
2591, 
2592,-
2593, 
2594,7
2595,8
2596,6
2597,8
2598,""""
2599,","
2600,""""
2601,D
2602,e
2603,b
2604,i
2605,t
2606,_
2607,t
2608,a
2609,r
2610,g
2611,e
2612,t
2613,""""
2614,:
2615,0
2616,.
2617,0
2618,","
2619,""""
2620,C
2621,r
2622,e
2623,d
2624,i
2625,t
2626,_
2627,t
2628,a
2629,r
2630,g
2631,e
2632,t
2633,""""
2634,:
2635,9
2636,5
2637,0
2638,0
2639,.
2640,0
2641,","
2642,""""
2643,T
2644,r
2645,a
2646,n
2647,s
2648,a
2649,c
2650,t
2651,i
2652,o
2653,n
2654, 
2655,D
2656,a
2657,t
2658,e
2659,""""
2660,:
2661,n
2662,u
2663,l
2664,l
2665,","
2666,""""
2667,D
2668,e
2669,t
2670,a
2671,i
2672,l
2673,s
2674,""""
2675,:
2676,n
2677,u
2678,l
2679,l
2680,","
2681,""""
2682,D
2683,e
2684,b
2685,i
2686,t
2687,""""
2688,:
2689,n
2690,u
2691,l
2692,l
2693,","
2694,""""
2695,C
2696,r
2697,e
2698,d
2699,i
2700,t
2701,""""
2702,:
2703,n
2704,u
2705,l
2706,l
2707,}
2708,","
2709,{
2710,""""
2711,T
2712,r
2713,a
2714,n
2715,s
2716,a
2717,c
2718,t
2719,i
2720,o
2721,n
2722, 
2723,I
2724,D
2725,""""
2726,:
2727,""""
2728,7
2729,8
2730,7
2731,0
2732,""""
2733,","
2734,""""
2735,T
2736,r
2737,a
2738,n
2739,s
2740,a
2741,c
2742,t
2743,i
2744,o
2745,n
2746, 
2747,D
2748,a
2749,t
2750,e
2751,_
2752,s
2753,o
2754,u
2755,r
2756,c
2757,e
2758,""""
2759,:
2760,""""
2761,2
2762,0
2763,2
2764,3
2765,-
2766,0
2767,6
2768,-
2769,2
2770,1
2771,""""
2772,","
2773,""""
2774,D
2775,e
2776,t
2777,a
2778,i
2779,l
2780,s
2781,_
2782,s
2783,o
2784,u
2785,r
2786,c
2787,e
2788,""""
2789,:
2790,""""
2791,r
2792,e
2793,n
2794,t
2795,a
2796,l
2797, 
2798,p
2799,a
2800,i
2801,d
2802, 
2803,c
2804,h
2805,e
2806,q
2807,u
2808,e
2809, 
2810,#
2811, 
2812,7
2813,8
2814,7
2815,0
2816,""""
2817,","
2818,""""
2819,D
2820,e
2821,b
2822,i
2823,t
2824,_
2825,s
2826,o
2827,u
2828,r
2829,c
2830,e
2831,""""
2832,:
2833,1
2834,6
2835,1
2836,0
2837,0
2838,.
2839,0
2840,","
2841,""""
2842,C
2843,r
2844,e
2845,d
2846,i
2847,t
2848,_
2849,s
2850,o
2851,u
2852,r
2853,c
2854,e
2855,""""
2856,:
2857,0
2858,.
2859,0
2860,","
2861,""""
2862,T
2863,r
2864,a
2865,n
2866,s
2867,a
2868,c
2869,t
2870,i
2871,o
2872,n
2873, 
2874,D
2875,a
2876,t
2877,e
2878,_
2879,t
2880,a
2881,r
2882,g
2883,e
2884,t
2885,""""
2886,:
2887,""""
2888,2
2889,0
2890,2
2891,3
2892,-
2893,0
2894,6
2895,-
2896,1
2897,6
2898,""""
2899,","
2900,""""
2901,D
2902,e
2903,t
2904,a
2905,i
2906,l
2907,s
2908,_
2909,t
2910,a
2911,r
2912,g
2913,e
2914,t
2915,""""
2916,:
2917,""""
2918,r
2919,e
2920,n
2921,t
2922,a
2923,l
2924, 
2925,-
2926, 
2927,7
2928,8
2929,7
2930,0
2931,""""
2932,","
2933,""""
2934,D
2935,e
2936,b
2937,i
2938,t
2939,_
2940,t
2941,a
2942,r
2943,g
2944,e
2945,t
2946,""""
2947,:
2948,0
2949,.
2950,0
2951,","
2952,""""
2953,C
2954,r
2955,e
2956,d
2957,i
2958,t
2959,_
2960,t
2961,a
2962,r
2963,g
2964,e
2965,t
2966,""""
2967,:
2968,1
2969,6
2970,1
2971,0
2972,0
2973,.
2974,0
2975,","
2976,""""
2977,T
2978,r
2979,a
2980,n
2981,s
2982,a
2983,c
2984,t
2985,i
2986,o
2987,n
2988, 
2989,D
2990,a
2991,t
2992,e
2993,""""
2994,:
2995,n
2996,u
2997,l
2998,l
2999,","
3000,""""
3001,D
3002,e
3003,t
3004,a
3005,i
3006,l
3007,s
3008,""""
3009,:
3010,n
3011,u
3012,l
3013,l
3014,","
3015,""""
3016,D
3017,e
3018,b
3019,i
3020,t
3021,""""
3022,:
3023,n
3024,u
3025,l
3026,l
3027,","
3028,""""
3029,C
3030,r
3031,e
3032,d
3033,i
3034,t
3035,""""
3036,:
3037,n
3038,u
3039,l
3040,l
3041,}
3042,","
3043,{
3044,""""
3045,T
3046,r
3047,a
3048,n
3049,s
3050,a
3051,c
3052,t
3053,i
3054,o
3055,n
3056, 
3057,I
3058,D
3059,""""
3060,:
3061,""""
3062,7
3063,9
3064,8
3065,4
3066,""""
3067,","
3068,""""
3069,T
3070,r
3071,a
3072,n
3073,s
3074,a
3075,c
3076,t
3077,i
3078,o
3079,n
3080, 
3081,D
3082,a
3083,t
3084,e
3085,_
3086,s
3087,o
3088,u
3089,r
3090,c
3091,e
3092,""""
3093,:
3094,""""
3095,2
3096,0
3097,2
3098,3
3099,-
3100,0
3101,6
3102,-
3103,2
3104,7
3105,""""
3106,","
3107,""""
3108,D
3109,e
3110,t
3111,a
3112,i
3113,l
3114,s
3115,_
3116,s
3117,o
3118,u
3119,r
3120,c
3121,e
3122,""""
3123,:
3124,""""
3125,r
3126,e
3127,c
3128,e
3129,i
3130,p
3131,t
3132, 
3133,c
3134,h
3135,.
3136, 
3137,n
3138,o
3139,.
3140, 
3141,0
3142,0
3143,0
3144,7
3145,9
3146,8
3147,4
3148,""""
3149,","
3150,""""
3151,D
3152,e
3153,b
3154,i
3155,t
3156,_
3157,s
3158,o
3159,u
3160,r
3161,c
3162,e
3163,""""
3164,:
3165,0
3166,.
3167,0
3168,","
3169,""""
3170,C
3171,r
3172,e
3173,d
3174,i
3175,t
3176,_
3177,s
3178,o
3179,u
3180,r
3181,c
3182,e
3183,""""
3184,:
3185,4
3186,7
3187,0
3188,0
3189,.
3190,0
3191,","
3192,""""
3193,T
3194,r
3195,a
3196,n
3197,s
3198,a
3199,c
3200,t
3201,i
3202,o
3203,n
3204, 
3205,D
3206,a
3207,t
3208,e
3209,_
3210,t
3211,a
3212,r
3213,g
3214,e
3215,t
3216,""""
3217,:
3218,""""
3219,2
3220,0
3221,2
3222,3
3223,-
3224,0
3225,6
3226,-
3227,2
3228,4
3229,""""
3230,","
3231,""""
3232,D
3233,e
3234,t
3235,a
3236,i
3237,l
3238,s
3239,_
3240,t
3241,a
3242,r
3243,g
3244,e
3245,t
3246,""""
3247,:
3248,""""
3249,m
3250,r
3251,.
3252, 
3253,a
3254,r
3255,i
3256,f
3257, 
3258,-
3259, 
3260,7
3261,9
3262,8
3263,4
3264,""""
3265,","
3266,""""
3267,D
3268,e
3269,b
3270,i
3271,t
3272,_
3273,t
3274,a
3275,r
3276,g
3277,e
3278,t
3279,""""
3280,:
3281,4
3282,7
3283,0
3284,0
3285,.
3286,0
3287,","
3288,""""
3289,C
3290,r
3291,e
3292,d
3293,i
3294,t
3295,_
3296,t
3297,a
3298,r
3299,g
3300,e
3301,t
3302,""""
3303,:
3304,0
3305,.
3306,0
3307,","
3308,""""
3309,T
3310,r
3311,a
3312,n
3313,s
3314,a
3315,c
3316,t
3317,i
3318,o
3319,n
3320, 
3321,D
3322,a
3323,t
3324,e
3325,""""
3326,:
3327,n
3328,u
3329,l
3330,l
3331,","
3332,""""
3333,D
3334,e
3335,t
3336,a
3337,i
3338,l
3339,s
3340,""""
3341,:
3342,n
3343,u
3344,l
3345,l
3346,","
3347,""""
3348,D
3349,e
3350,b
3351,i
3352,t
3353,""""
3354,:
3355,n
3356,u
3357,l
3358,l
3359,","
3360,""""
3361,C
3362,r
3363,e
3364,d
3365,i
3366,t
3367,""""
3368,:
3369,n
3370,u
3371,l
3372,l
3373,}
3374,","
3375,{
3376,""""
3377,T
3378,r
3379,a
3380,n
3381,s
3382,a
3383,c
3384,t
3385,i
3386,o
3387,n
3388, 
3389,I
3390,D
3391,""""
3392,:
3393,""""
3394,7
3395,8
3396,7
3397,3
3398,""""
3399,","
3400,""""
3401,T
3402,r
3403,a
3404,n
3405,s
3406,a
3407,c
3408,t
3409,i
3410,o
3411,n
3412, 
3413,D
3414,a
3415,t
3416,e
3417,_
3418,s
3419,o
3420,u
3421,r
3422,c
3423,e
3424,""""
3425,:
3426,""""
3427,2
3428,0
3429,2
3430,3
3431,-
3432,0
3433,6
3434,-
3435,2
3436,9
3437,""""
3438,","
3439,""""
3440,D
3441,e
3442,t
3443,a
3444,i
3445,l
3446,s
3447,_
3448,s
3449,o
3450,u
3451,r
3452,c
3453,e
3454,""""
3455,:
3456,""""
3457,p
3458,a
3459,y
3460,m
3461,e
3462,n
3463,t
3464, 
3465,c
3466,h
3467,e
3468,q
3469,u
3470,e
3471, 
3472,#
3473, 
3474,0
3475,0
3476,0
3477,7
3478,8
3479,7
3480,3
3481,""""
3482,","
3483,""""
3484,D
3485,e
3486,b
3487,i
3488,t
3489,_
3490,s
3491,o
3492,u
3493,r
3494,c
3495,e
3496,""""
3497,:
3498,1
3499,2
3500,0
3501,0
3502,.
3503,0
3504,","
3505,""""
3506,C
3507,r
3508,e
3509,d
3510,i
3511,t
3512,_
3513,s
3514,o
3515,u
3516,r
3517,c
3518,e
3519,""""
3520,:
3521,0
3522,.
3523,0
3524,","
3525,""""
3526,T
3527,r
3528,a
3529,n
3530,s
3531,a
3532,c
3533,t
3534,i
3535,o
3536,n
3537, 
3538,D
3539,a
3540,t
3541,e
3542,_
3543,t
3544,a
3545,r
3546,g
3547,e
3548,t
3549,""""
3550,:
3551,""""
3552,2
3553,0
3554,2
3555,3
3556,-
3557,0
3558,6
3559,-
3560,2
3561,2
3562,""""
3563,","
3564,""""
3565,D
3566,e
3567,t
3568,a
3569,i
3570,l
3571,s
3572,_
3573,t
3574,a
3575,r
3576,g
3577,e
3578,t
3579,""""
3580,:
3581,""""
3582,m
3583,r
3584,.
3585, 
3586,n
3587,a
3588,s
3589,e
3590,e
3591,r
3592, 
3593,-
3594, 
3595,7
3596,8
3597,7
3598,3
3599,""""
3600,","
3601,""""
3602,D
3603,e
3604,b
3605,i
3606,t
3607,_
3608,t
3609,a
3610,r
3611,g
3612,e
3613,t
3614,""""
3615,:
3616,0
3617,.
3618,0
3619,","
3620,""""
3621,C
3622,r
3623,e
3624,d
3625,i
3626,t
3627,_
3628,t
3629,a
3630,r
3631,g
3632,e
3633,t
3634,""""
3635,:
3636,1
3637,2
3638,0
3639,0
3640,.
3641,0
3642,","
3643,""""
3644,T
3645,r
3646,a
3647,n
3648,s
3649,a
3650,c
3651,t
3652,i
3653,o
3654,n
3655, 
3656,D
3657,a
3658,t
3659,e
3660,""""
3661,:
3662,n
3663,u
3664,l
3665,l
3666,","
3667,""""
3668,D
3669,e
3670,t
3671,a
3672,i
3673,l
3674,s
3675,""""
3676,:
3677,n
3678,u
3679,l
3680,l
3681,","
3682,""""
3683,D
3684,e
3685,b
3686,i
3687,t
3688,""""
3689,:
3690,n
3691,u
3692,l
3693,l
3694,","
3695,""""
3696,C
3697,r
3698,e
3699,d
3700,i
3701,t
3702,""""
3703,:
3704,n
3705,u
3706,l
3707,l
3708,}
3709,","
3710,{
3711,""""
3712,T
3713,r
3714,a
3715,n
3716,s
3717,a
3718,c
3719,t
3720,i
3721,o
3722,n
3723, 
3724,I
3725,D
3726,""""
3727,:
3728,""""
3729,7
3730,9
3731,8
3732,5
3733,""""
3734,","
3735,""""
3736,T
3737,r
3738,a
3739,n
3740,s
3741,a
3742,c
3743,t
3744,i
3745,o
3746,n
3747, 
3748,D
3749,a
3750,t
3751,e
3752,_
3753,s
3754,o
3755,u
3756,r
3757,c
3758,e
3759,""""
3760,:
3761,""""
3762,2
3763,0
3764,2
3765,3
3766,-
3767,0
3768,6
3769,-
3770,2
3771,9
3772,""""
3773,","
3774,""""
3775,D
3776,e
3777,t
3778,a
3779,i
3780,l
3781,s
3782,_
3783,s
3784,o
3785,u
3786,r
3787,c
3788,e
3789,""""
3790,:
3791,""""
3792,r
3793,e
3794,c
3795,e
3796,i
3797,p
3798,t
3799, 
3800,c
3801,h
3802,.
3803, 
3804,n
3805,o
3806,.
3807, 
3808,0
3809,0
3810,0
3811,7
3812,9
3813,8
3814,5
3815,""""
3816,","
3817,""""
3818,D
3819,e
3820,b
3821,i
3822,t
3823,_
3824,s
3825,o
3826,u
3827,r
3828,c
3829,e
3830,""""
3831,:
3832,0
3833,.
3834,0
3835,","
3836,""""
3837,C
3838,r
3839,e
3840,d
3841,i
3842,t
3843,_
3844,s
3845,o
3846,u
3847,r
3848,c
3849,e
3850,""""
3851,:
3852,2
3853,7
3854,9
3855,0
3856,0
3857,.
3858,0
3859,","
3860,""""
3861,T
3862,r
3863,a
3864,n
3865,s
3866,a
3867,c
3868,t
3869,i
3870,o
3871,n
3872, 
3873,D
3874,a
3875,t
3876,e
3877,_
3878,t
3879,a
3880,r
3881,g
3882,e
3883,t
3884,""""
3885,:
3886,""""
3887,2
3888,0
3889,2
3890,3
3891,-
3892,0
3893,6
3894,-
3895,2
3896,7
3897,""""
3898,","
3899,""""
3900,D
3901,e
3902,t
3903,a
3904,i
3905,l
3906,s
3907,_
3908,t
3909,a
3910,r
3911,g
3912,e
3913,t
3914,""""
3915,:
3916,""""
3917,m
3918,r
3919,s
3920,.
3921, 
3922,a
3923,y
3924,e
3925,s
3926,h
3927,a
3928, 
3929,-
3930, 
3931,7
3932,9
3933,8
3934,5
3935,""""
3936,","
3937,""""
3938,D
3939,e
3940,b
3941,i
3942,t
3943,_
3944,t
3945,a
3946,r
3947,g
3948,e
3949,t
3950,""""
3951,:
3952,2
3953,7
3954,9
3955,0
3956,0
3957,.
3958,0
3959,","
3960,""""
3961,C
3962,r
3963,e
3964,d
3965,i
3966,t
3967,_
3968,t
3969,a
3970,r
3971,g
3972,e
3973,t
3974,""""
3975,:
3976,0
3977,.
3978,0
3979,","
3980,""""
3981,T
3982,r
3983,a
3984,n
3985,s
3986,a
3987,c
3988,t
3989,i
3990,o
3991,n
3992, 
3993,D
3994,a
3995,t
3996,e
3997,""""
3998,:
3999,n
4000,u
4001,l
4002,l
4003,","
4004,""""
4005,D
4006,e
4007,t
4008,a
4009,i
4010,l
4011,s
4012,""""
4013,:
4014,n
4015,u
4016,l
4017,l
4018,","
4019,""""
4020,D
4021,e
4022,b
4023,i
4024,t
4025,""""
4026,:
4027,n
4028,u
4029,l
4030,l
4031,","
4032,""""
4033,C
4034,r
4035,e
4036,d
4037,i
4038,t
4039,""""
4040,:
4041,n
4042,u
4043,l
4044,l
4045,}
4046,","
4047,{
4048,""""
4049,T
4050,r
4051,a
4052,n
4053,s
4054,a
4055,c
4056,t
4057,i
4058,o
4059,n
4060, 
4061,I
4062,D
4063,""""
4064,:
4065,""""
4066,7
4067,8
4068,7
4069,1
4070,""""
4071,","
4072,""""
4073,T
4074,r
4075,a
4076,n
4077,s
4078,a
4079,c
4080,t
4081,i
4082,o
4083,n
4084, 
4085,D
4086,a
4087,t
4088,e
4089,_
4090,s
4091,o
4092,u
4093,r
4094,c
4095,e
4096,""""
4097,:
4098,""""
4099,2
4100,0
4101,2
4102,3
4103,-
4104,0
4105,6
4106,-
4107,3
4108,0
4109,""""
4110,","
4111,""""
4112,D
4113,e
4114,t
4115,a
4116,i
4117,l
4118,s
4119,_
4120,s
4121,o
4122,u
4123,r
4124,c
4125,e
4126,""""
4127,:
4128,""""
4129,p
4130,a
4131,y
4132,m
4133,e
4134,n
4135,t
4136, 
4137,c
4138,h
4139,e
4140,q
4141,u
4142,e
4143, 
4144,#
4145, 
4146,0
4147,0
4148,0
4149,7
4150,8
4151,7
4152,1
4153,""""
4154,","
4155,""""
4156,D
4157,e
4158,b
4159,i
4160,t
4161,_
4162,s
4163,o
4164,u
4165,r
4166,c
4167,e
4168,""""
4169,:
4170,2
4171,5
4172,0
4173,0
4174,.
4175,0
4176,","
4177,""""
4178,C
4179,r
4180,e
4181,d
4182,i
4183,t
4184,_
4185,s
4186,o
4187,u
4188,r
4189,c
4190,e
4191,""""
4192,:
4193,0
4194,.
4195,0
4196,","
4197,""""
4198,T
4199,r
4200,a
4201,n
4202,s
4203,a
4204,c
4205,t
4206,i
4207,o
4208,n
4209, 
4210,D
4211,a
4212,t
4213,e
4214,_
4215,t
4216,a
4217,r
4218,g
4219,e
4220,t
4221,""""
4222,:
4223,""""
4224,2
4225,0
4226,2
4227,3
4228,-
4229,0
4230,6
4231,-
4232,2
4233,0
4234,""""
4235,","
4236,""""
4237,D
4238,e
4239,t
4240,a
4241,i
4242,l
4243,s
4244,_
4245,t
4246,a
4247,r
4248,g
4249,e
4250,t
4251,""""
4252,:
4253,""""
4254,m
4255,r
4256,.
4257, 
4258,k
4259,a
4260,l
4261,e
4262,e
4263,m
4264, 
4265,-
4266, 
4267,7
4268,8
4269,7
4270,1
4271,""""
4272,","
4273,""""
4274,D
4275,e
4276,b
4277,i
4278,t
4279,_
4280,t
4281,a
4282,r
4283,g
4284,e
4285,t
4286,""""
4287,:
4288,0
4289,.
4290,0
4291,","
4292,""""
4293,C
4294,r
4295,e
4296,d
4297,i
4298,t
4299,_
4300,t
4301,a
4302,r
4303,g
4304,e
4305,t
4306,""""
4307,:
4308,2
4309,5
4310,0
4311,0
4312,.
4313,0
4314,","
4315,""""
4316,T
4317,r
4318,a
4319,n
4320,s
4321,a
4322,c
4323,t
4324,i
4325,o
4326,n
4327, 
4328,D
4329,a
4330,t
4331,e
4332,""""
4333,:
4334,n
4335,u
4336,l
4337,l
4338,","
4339,""""
4340,D
4341,e
4342,t
4343,a
4344,i
4345,l
4346,s
4347,""""
4348,:
4349,n
4350,u
4351,l
4352,l
4353,","
4354,""""
4355,D
4356,e
4357,b
4358,i
4359,t
4360,""""
4361,:
4362,n
4363,u
4364,l
4365,l
4366,","
4367,""""
4368,C
4369,r
4370,e
4371,d
4372,i
4373,t
4374,""""
4375,:
4376,n
4377,u
4378,l
4379,l
4380,}
4381,]
